1111,Shawna,Buck,12/12/1971,shawna.buck@gmail.com,702-771-7149,2 Sw Nyberg Rd,1,1,1,215
2222,Nathaniel,Burke,10/31/1993,nathaniel.burke@walmart.com,231-765-6923,89992 E 15th St,1,1,1,215
3333,Elisabeth,Foster,11/26/1994,elisabeth.foster@gmail.com,270-749-4774,61556 W 20th Ave,1,1,1,215
4444,Briana,Lancaster,11/24/1975,briana.lancaster@yahoo.com,219-623-8216,63 E Aurora Dr,1,1,1,215
5555,Estella,Potter,3/13/1995,estella.potter@gmail.com,907-677-8486,2 Flynn Rd,1,1,2,215
6666,Lamont,Woods,10/13/1991,lamont.woods@hotmail.com,236-597-8196,2094 Ne 36th Ave,1,1,1,215
7777,Melinda,Lopez,9/15/1984,melinda.lopez@hotmail.com,210-396-1493,649 Tulane Ave,1,1,1,215
8888,Shanna,Silva,6/19/1958,shanna.silva@gmail.com,236-373-6712,2094 Montour Blvd,1,1,2,215
9999,Jasmine,Freeman,8/31/1961,jasmine.freeman@gmail.com,423-796-1535,393 Hammond Dr,1,1,2,215
11110,Madge,Sargent,10/2/1981,madge.sargent@aol.com,217-910-0644,8590 Lake Lizzie Dr,2,1,3,215
12221,Bethany,Cline,10/1/1986,bethany.cline@yahoo.ca,215-970-5881,87895 Concord Rd,2,1,3,215
13332,Reid,Randolph,1/20/1989,reid.randolph@gmail.com,209-996-8902,46314 Route 130,2,1,3,215
14443,Antoine,Wiley,2/22/1996,antoine.wiley@verizon.net,503-361-6334,4 Cowesett Ave,2,1,3,215
15554,Mathew,Hodge,7/5/1995,mathew.hodge@hotmail.com,209-294-7430,95 Main Ave #2,2,1,3,215
16665,Bernardo,Austin,2/2/1975,bernardo.austin@hotmail.com,319-716-4227,28 S 7th St #2824,2,1,4,215
17776,Cole,Jensen,2/10/1990,cole.jensen@aol.com,405-495-4201,79 S Howell Ave,2,1,4,215
18887,Tonia,Burns,4/19/1985,tonia.burns@gmail.com,209-631-5424,36 Lancaster Dr Se,2,1,4,215
19998,Tod,Holcomb,6/21/1987,tod.holcomb@outlook.com,240-364-4220,2759 Livingston Ave,2,1,4,215
21109,Yesenia,Guerrero,3/29/1968,yesenia.guerrero@btinternet.com,240-505-5321,17 Jersey Ave,2,1,4,215
22220,Carey,Ferrell,5/22/1972,carey.ferrell@yahoo.com,212-495-4523,2 W Grand Ave,3,1,5,215
23331,Aileen,Blanchard,12/5/1986,aileen.blanchard@gmail.com,308-788-3843,18 Coronado Ave #563,3,1,5,215
24442,Marta,Cervantes,2/17/1971,marta.cervantes@gmail.com,206-858-9176,72 Beechwood Ter,3,1,6,215
25553,Arthur,Holloway,9/21/1970,arthur.holloway@aol.com,225-832-0451,92 Broadway,3,1,6,215
26664,Tara,Forbes,6/26/1976,tara.forbes@gmail.com,319-249-4281,39 Franklin Ave,3,1,5,215
27775,Josef,Griffin,8/14/1976,josef.griffin@yahoo.com,209-441-9130,4 Iwaena St,3,1,5,215
28886,Keri,Slater,8/3/1960,keri.slater@apple.com,207-842-2965,32820 Corkwood Rd,3,1,6,215
29997,Desmond,Wynn,7/9/1992,desmond.wynn@hotmail.com,209-319-3405,34 Raritan Center Pky,3,1,6,215
31108,Adrienne,Puckett,5/22/1975,adrienne.puckett@verizon.net,209-235-0390,6201 S Nevada Ave,3,1,5,215
32219,Beatriz,Knowles,2/25/1984,beatriz.knowles@gmail.com,406-923-1326,78 Maryland Dr #146,3,1,5,215
33330,Jermaine,Sykes,1/18/1990,jermaine.sykes@apple.com,239-204-8747,76598 Rd  I 95 #1,4,1,7,215
34441,Scott,Best,8/24/1990,scott.best@cox.net,307-504-4165,1610 14th St Nw,4,1,7,215
35552,Isabel,Espinoza,12/9/1971,isabel.espinoza@gmail.com,405-622-8606,86350 Roszel Rd,4,1,7,215
36663,Marcelino,Kinney,1/26/1996,marcelino.kinney@gmail.com,479-929-0873,1644 Clove Rd,4,1,7,215
37774,Benjamin,Jennings,5/21/1977,benjamin.jennings@gmail.com,907-621-7774,9 W Central Ave,4,1,7,215
38885,Marcia,Casey,7/24/1966,marcia.casey@gmail.com,210-804-3397,27846 Lafayette Ave,4,1,8,215
39996,Rudolph,Gordon,4/28/1979,rudolph.gordon@aol.com,304-418-1131,10276 Brooks St,4,1,8,215
41107,Beverly,Rosales,3/4/1975,beverly.rosales@yahoo.com,217-490-8205,1 Century Park E,4,1,8,215
42218,Marcus,Bolton,7/5/1977,marcus.bolton@aol.com,212-514-2721,9 State Highway 57 #22,4,1,8,215
43329,Priscilla,Mays,9/4/1985,priscilla.mays@gmail.com,231-346-3176,4 S Washington Ave,4,1,8,215
44440,Lynn,Pena,8/14/1962,lynn.pena@yahoo.co.in,217-334-0502,25 Se 176th Pl,5,1,9,215
45551,Tessa,Pace,12/7/1957,tessa.pace@aol.com,319-672-2590,105 Richmond Valley Rd,5,1,9,215
46662,Rufus,Guerra,12/25/1967,rufus.guerra@rediffmail.com,212-472-1331,22 Spruce St #595,5,1,9,215
47773,Roman,Clark,12/25/1962,roman.clark@aol.com,215-567-2136,2 W Beverly Blvd,5,1,9,215
48884,Carmela,Jefferson,3/17/1975,carmela.jefferson@walmart.com,239-941-5976,72 Southern Blvd,5,1,9,215
49995,Thurman,Good,1/27/1996,thurman.good@yahoo.com,217-874-3909,1 Washington St,5,1,10,215
51106,Lemuel,Guerrero,6/7/1985,lemuel.guerrero@aol.com,215-226-4111,90177 N 55th Ave,5,1,10,215
52217,Clint,Bridges,5/3/1994,clint.bridges@aol.com,217-331-1409,9 Tower Ave,5,1,10,215
53328,Karyn,Christian,5/22/1983,karyn.christian@aol.com,206-731-9312,278 Bayview Ave,5,1,10,215
54439,Lesa,Hughes,2/13/1981,lesa.hughes@bp.com,219-822-4544,80312 W 32nd St,5,1,10,215
55550,Rich,Bates,2/28/1989,rich.bates@apple.com,270-833-4069,82 Us Highway 46,6,1,11,215
56661,Liz,Frank,3/15/1986,liz.frank@hotmail.com,339-926-4628,4 Stovall St #72,6,1,12,215
57772,Kendra,Villarreal,10/22/1963,kendra.villarreal@gmail.com,319-625-4770,19 Amboy Ave,6,1,11,215
58883,Maryellen,Mcfadden,10/3/1975,maryellen.mcfadden@hotmail.co.uk,479-467-9379,63 Smith Ln #8343,6,1,12,215
59994,German,Carney,7/21/1958,german.carney@aol.com,231-975-6713,11360 S Halsted St,6,1,11,215
61105,Micheal,Shannon,12/8/1986,micheal.shannon@earthlink.net,217-864-7925,26849 Jefferson Hwy,6,1,12,215
62216,Carlo,Albert,12/6/1961,carlo.albert@gmail.com,212-267-9103,2500 Pringle Rd Se #508,6,1,11,215
63327,Bianca,Langley,6/3/1960,bianca.langley@gmail.com,228-683-5798,65 Mountain View Dr,6,1,12,215
64438,Elias,Cabrera,7/13/1990,elias.cabrera@yahoo.com,215-258-0052,1 N San Saba,6,1,11,215
65549,Alberta,Chapman,6/5/1972,alberta.chapman@comcast.net,212-884-9934,51120 State Route 18,6,1,12,215
66660,Erin,Olsen,8/8/1994,erin.olsen@yahoo.ca,215-325-1574,1482 College Ave,7,1,13,215
67771,Frederic,Stephenson,10/15/1969,frederic.stephenson@gmail.com,314-672-3681,4119 Metropolitan Dr,7,1,13,215
68882,Tanner,Caldwell,4/8/1968,tanner.caldwell@aol.com,219-315-4592,2167 Sierra Rd,7,1,13,215
69993,Clarence,Powers,7/5/1982,clarence.powers@gmail.com,229-748-1788,6 Sunrise Ave,7,1,13,215
71104,German,Sheppard,7/29/1991,german.sheppard@gmail.com,252-794-3936,55713 Lake City Hwy,7,1,13,215
72215,Dion,Duffy,4/6/1995,dion.duffy@aol.com,201-358-5413,75698 N Fiesta Blvd,7,1,13,215
73326,Cornelius,Townsend,6/2/1970,cornelius.townsend@charter.net,314-501-3342,88 Sw 28th Ter,7,1,14,215
74437,Patsy,Koch,7/15/1984,patsy.koch@gmail.com,229-844-7119,7 Flowers Rd #403,7,1,14,215
75548,Waldo,Shields,11/29/1970,waldo.shields@aol.com,270-993-0450,4 Nw 12th St #3849,7,1,14,215
76659,Damien,Rose,7/15/1965,damien.rose@gmail.com,304-392-5876,2 A Kelley Dr,7,1,13,215
77770,Curt,Bridges,10/22/1978,curt.bridges@microsoft.com,239-399-1809,88827 Frankford Ave,8,1,15,215
78881,Brenton,Matthews,11/6/1970,brenton.matthews@bellsouth.net,216-585-2060,2 W Scyene Rd #3,8,1,15,215
79992,Miguel,Finley,7/6/1980,miguel.finley@gmail.com,405-566-7872,62260 Park Stre,8,1,16,215
81103,Esperanza,Paul,12/10/1960,esperanza.paul@aol.com,236-750-2453,3424 29th St Se,8,1,16,215
82214,Patricia,Briggs,11/13/1975,patricia.briggs@yahoo.com,240-914-8001,35 E Main St #43,8,1,16,215
83325,Forrest,Noel,3/25/1978,forrest.noel@hotmail.com,239-609-5243,7163 W Clark Rd,8,1,16,215
84436,Marjorie,Wells,9/14/1961,marjorie.wells@bp.com,316-282-5461,21575 S Apple Creek Rd,8,1,16,215
85547,Vivian,Burnett,2/9/1960,vivian.burnett@gmail.com,236-831-5026,747 Leonis Blvd,8,1,16,215
86658,Duncan,Chen,2/17/1964,duncan.chen@yahoo.co.uk,239-879-2427,13 Gunnison St,8,1,16,215
87769,Miriam,Barrett,6/25/1990,miriam.barrett@yahoo.ca,210-779-7802,18 3rd Ave,8,1,16,215
88880,Adam,Kirby,8/11/1963,adam.kirby@yahoo.ca,208-736-4975,62 W Austin St,9,1,17,215
89991,Benjamin,Macdonald,5/16/1976,benjamin.macdonald@gmail.com,316-561-5979,177 S Rider Trl #52,9,1,17,215
91102,Neil,Murray,9/17/1985,neil.murray@apple.com,603-851-8092,2 W Mount Royal Ave,9,1,17,215
92213,Nichole,Oneil,11/30/1957,nichole.oneil@shaw.ca,209-683-3370,1953 Telegraph Rd,9,1,18,215
93324,Jonathon,Pearson,9/30/1967,jonathon.pearson@yahoo.com,240-746-0671,63517 Dupont St,9,1,18,215
94435,Brent,Bryant,5/9/1960,brent.bryant@aol.com,423-391-0195,5 E Truman Rd,9,1,18,215
95546,Carlene,Cain,11/25/1985,carlene.cain@rediffmail.com,210-510-0508,251 Park Ave #979,9,1,18,215
96657,Arnulfo,Pittman,9/26/1972,arnulfo.pittman@yahoo.ca,215-333-8078,43496 Commercial Dr #29,9,1,18,215
97768,Nickolas,Williams,6/23/1985,nickolas.williams@gmail.com,307-656-9306,2184 Worth St,9,1,17,215
98879,Raymundo,Kramer,4/29/1975,raymundo.kramer@aol.com,252-396-5055,50126 N Plankinton Ave,9,1,18,215
99990,Jeremiah,Dotson,7/16/1988,jeremiah.dotson@cox.net,216-364-7679,38773 Gravois Ave,1,1,2,215
101101,Tanner,Matthews,9/24/1976,tanner.matthews@rediffmail.com,907-768-0562,16452 Greenwich St,2,1,4,215
102212,Dorian,Foster,7/24/1960,dorian.foster@gmail.com,304-937-0141,40 Cambridge Ave,3,1,6,215
103323,Nora,Hansen,11/13/1982,nora.hansen@yahoo.co.uk,319-877-0443,20113 4th Ave E,4,1,8,215
104434,Danial,Watts,8/15/1959,danial.watts@hotmail.com,206-245-0115,6 Ridgewood Center Dr,5,1,10,215
105545,Nelson,Mcintosh,8/17/1975,nelson.mcintosh@bp.com,239-650-1951,469 Outwater Ln,6,1,12,215
106656,Manuel,Fulton,7/16/1983,manuel.fulton@gmail.com,339-281-4930,62 Monroe St,7,1,14,215
107767,Dominic,Henson,4/8/1979,dominic.henson@aol.com,314-758-8742,3338 A Lockport Pl #6,8,1,16,215
108878,Lowell,Erickson,9/2/1982,lowell.erickson@gmail.com,308-308-0823,9 Hwy,9,1,18,215
109989,Jayne,Coleman,8/18/1980,jayne.coleman@yahoo.ca,236-667-5880,8284 Hart St,1,1,1,215
111100,Cornell,Daniel,5/27/1960,cornell.daniel@yahoo.com,212-208-7933,5 Washington St #1,2,1,3,215
112211,Doris,Glenn,1/14/1976,doris.glenn@yahoo.co.uk,270-590-4835,8 S Haven St,10,48,20,215
